Territory X Date,target
Afghanistan X 4/2/20,0
Afghanistan X 4/3/20,0
Afghanistan X 4/4/20,0
Afghanistan X 4/5/20,0
Afghanistan X 4/6/20,0
Afghanistan X 4/7/20,0
Afghanistan X 4/8/20,0
Albania X 4/2/20,0
Albania X 4/3/20,0
Albania X 4/4/20,0
Albania X 4/5/20,0
Albania X 4/6/20,0
Albania X 4/7/20,0
Albania X 4/8/20,0
Algeria X 4/2/20,0
Algeria X 4/3/20,0
Algeria X 4/4/20,0
Algeria X 4/5/20,0
Algeria X 4/6/20,0
Algeria X 4/7/20,0
Algeria X 4/8/20,0
Andorra X 4/2/20,0
Andorra X 4/3/20,0
Andorra X 4/4/20,0
Andorra X 4/5/20,0
Andorra X 4/6/20,0
Andorra X 4/7/20,0
Andorra X 4/8/20,0
Angola X 4/2/20,0
Angola X 4/3/20,0
Angola X 4/4/20,0
Angola X 4/5/20,0
Angola X 4/6/20,0
Angola X 4/7/20,0
Angola X 4/8/20,0
Antigua and Barbuda X 4/2/20,0
Antigua and Barbuda X 4/3/20,0
Antigua and Barbuda X 4/4/20,0
Antigua and Barbuda X 4/5/20,0
Antigua and Barbuda X 4/6/20,0
Antigua and Barbuda X 4/7/20,0
Antigua and Barbuda X 4/8/20,0
Argentina X 4/2/20,0
Argentina X 4/3/20,0
Argentina X 4/4/20,0
Argentina X 4/5/20,0
Argentina X 4/6/20,0
Argentina X 4/7/20,0
Argentina X 4/8/20,0
Armenia X 4/2/20,0
Armenia X 4/3/20,0
Armenia X 4/4/20,0
Armenia X 4/5/20,0
Armenia X 4/6/20,0
Armenia X 4/7/20,0
Armenia X 4/8/20,0
Aruba X 4/2/20,0
Aruba X 4/3/20,0
Aruba X 4/4/20,0
Aruba X 4/5/20,0
Aruba X 4/6/20,0
Aruba X 4/7/20,0
Aruba X 4/8/20,0
Australia X 4/2/20,0
Australia X 4/3/20,0
Australia X 4/4/20,0
Australia X 4/5/20,0
Australia X 4/6/20,0
Australia X 4/7/20,0
Australia X 4/8/20,0
Austria X 4/2/20,0
Austria X 4/3/20,0
Austria X 4/4/20,0
Austria X 4/5/20,0
Austria X 4/6/20,0
Austria X 4/7/20,0
Austria X 4/8/20,0
Azerbaijan X 4/2/20,0
Azerbaijan X 4/3/20,0
Azerbaijan X 4/4/20,0
Azerbaijan X 4/5/20,0
Azerbaijan X 4/6/20,0
Azerbaijan X 4/7/20,0
Azerbaijan X 4/8/20,0
Bahamas (the) X 4/2/20,0
Bahamas (the) X 4/3/20,0
Bahamas (the) X 4/4/20,0
Bahamas (the) X 4/5/20,0
Bahamas (the) X 4/6/20,0
Bahamas (the) X 4/7/20,0
Bahamas (the) X 4/8/20,0
Bahrain X 4/2/20,0
Bahrain X 4/3/20,0
Bahrain X 4/4/20,0
Bahrain X 4/5/20,0
Bahrain X 4/6/20,0
Bahrain X 4/7/20,0
Bahrain X 4/8/20,0
Bangladesh X 4/2/20,0
Bangladesh X 4/3/20,0
Bangladesh X 4/4/20,0
Bangladesh X 4/5/20,0
Bangladesh X 4/6/20,0
Bangladesh X 4/7/20,0
Bangladesh X 4/8/20,0
Barbados X 4/2/20,0
Barbados X 4/3/20,0
Barbados X 4/4/20,0
Barbados X 4/5/20,0
Barbados X 4/6/20,0
Barbados X 4/7/20,0
Barbados X 4/8/20,0
Belarus X 4/2/20,0
Belarus X 4/3/20,0
Belarus X 4/4/20,0
Belarus X 4/5/20,0
Belarus X 4/6/20,0
Belarus X 4/7/20,0
Belarus X 4/8/20,0
Belgium X 4/2/20,0
Belgium X 4/3/20,0
Belgium X 4/4/20,0
Belgium X 4/5/20,0
Belgium X 4/6/20,0
Belgium X 4/7/20,0
Belgium X 4/8/20,0
Belize X 4/2/20,0
Belize X 4/3/20,0
Belize X 4/4/20,0
Belize X 4/5/20,0
Belize X 4/6/20,0
Belize X 4/7/20,0
Belize X 4/8/20,0
Benin X 4/2/20,0
Benin X 4/3/20,0
Benin X 4/4/20,0
Benin X 4/5/20,0
Benin X 4/6/20,0
Benin X 4/7/20,0
Benin X 4/8/20,0
Bermuda X 4/2/20,0
Bermuda X 4/3/20,0
Bermuda X 4/4/20,0
Bermuda X 4/5/20,0
Bermuda X 4/6/20,0
Bermuda X 4/7/20,0
Bermuda X 4/8/20,0
Bhutan X 4/2/20,0
Bhutan X 4/3/20,0
Bhutan X 4/4/20,0
Bhutan X 4/5/20,0
Bhutan X 4/6/20,0
Bhutan X 4/7/20,0
Bhutan X 4/8/20,0
Bolivia (Plurinational State of) X 4/2/20,0
Bolivia (Plurinational State of) X 4/3/20,0
Bolivia (Plurinational State of) X 4/4/20,0
Bolivia (Plurinational State of) X 4/5/20,0
Bolivia (Plurinational State of) X 4/6/20,0
Bolivia (Plurinational State of) X 4/7/20,0
Bolivia (Plurinational State of) X 4/8/20,0
Bosnia and Herzegovina X 4/2/20,0
Bosnia and Herzegovina X 4/3/20,0
Bosnia and Herzegovina X 4/4/20,0
Bosnia and Herzegovina X 4/5/20,0
Bosnia and Herzegovina X 4/6/20,0
Bosnia and Herzegovina X 4/7/20,0
Bosnia and Herzegovina X 4/8/20,0
Botswana X 4/2/20,0
Botswana X 4/3/20,0
Botswana X 4/4/20,0
Botswana X 4/5/20,0
Botswana X 4/6/20,0
Botswana X 4/7/20,0
Botswana X 4/8/20,0
Brazil X 4/2/20,0
Brazil X 4/3/20,0
Brazil X 4/4/20,0
Brazil X 4/5/20,0
Brazil X 4/6/20,0
Brazil X 4/7/20,0
Brazil X 4/8/20,0
Brunei Darussalam X 4/2/20,0
Brunei Darussalam X 4/3/20,0
Brunei Darussalam X 4/4/20,0
Brunei Darussalam X 4/5/20,0
Brunei Darussalam X 4/6/20,0
Brunei Darussalam X 4/7/20,0
Brunei Darussalam X 4/8/20,0
Bulgaria X 4/2/20,0
Bulgaria X 4/3/20,0
Bulgaria X 4/4/20,0
Bulgaria X 4/5/20,0
Bulgaria X 4/6/20,0
Bulgaria X 4/7/20,0
Bulgaria X 4/8/20,0
Burkina Faso X 4/2/20,0
Burkina Faso X 4/3/20,0
Burkina Faso X 4/4/20,0
Burkina Faso X 4/5/20,0
Burkina Faso X 4/6/20,0
Burkina Faso X 4/7/20,0
Burkina Faso X 4/8/20,0
Burundi X 4/2/20,0
Burundi X 4/3/20,0
Burundi X 4/4/20,0
Burundi X 4/5/20,0
Burundi X 4/6/20,0
Burundi X 4/7/20,0
Burundi X 4/8/20,0
Cabo Verde X 4/2/20,0
Cabo Verde X 4/3/20,0
Cabo Verde X 4/4/20,0
Cabo Verde X 4/5/20,0
Cabo Verde X 4/6/20,0
Cabo Verde X 4/7/20,0
Cabo Verde X 4/8/20,0
Cambodia X 4/2/20,0
Cambodia X 4/3/20,0
Cambodia X 4/4/20,0
Cambodia X 4/5/20,0
Cambodia X 4/6/20,0
Cambodia X 4/7/20,0
Cambodia X 4/8/20,0
Cameroon X 4/2/20,0
Cameroon X 4/3/20,0
Cameroon X 4/4/20,0
Cameroon X 4/5/20,0
Cameroon X 4/6/20,0
Cameroon X 4/7/20,0
Cameroon X 4/8/20,0
Canada X 4/2/20,0
Canada X 4/3/20,0
Canada X 4/4/20,0
Canada X 4/5/20,0
Canada X 4/6/20,0
Canada X 4/7/20,0
Canada X 4/8/20,0
Cayman Islands X 4/2/20,0
Cayman Islands X 4/3/20,0
Cayman Islands X 4/4/20,0
Cayman Islands X 4/5/20,0
Cayman Islands X 4/6/20,0
Cayman Islands X 4/7/20,0
Cayman Islands X 4/8/20,0
Central African Republic (the) X 4/2/20,0
Central African Republic (the) X 4/3/20,0
Central African Republic (the) X 4/4/20,0
Central African Republic (the) X 4/5/20,0
Central African Republic (the) X 4/6/20,0
Central African Republic (the) X 4/7/20,0
Central African Republic (the) X 4/8/20,0
Chad X 4/2/20,0
Chad X 4/3/20,0
Chad X 4/4/20,0
Chad X 4/5/20,0
Chad X 4/6/20,0
Chad X 4/7/20,0
Chad X 4/8/20,0
Chile X 4/2/20,0
Chile X 4/3/20,0
Chile X 4/4/20,0
Chile X 4/5/20,0
Chile X 4/6/20,0
Chile X 4/7/20,0
Chile X 4/8/20,0
China X 4/2/20,0
China X 4/3/20,0
China X 4/4/20,0
China X 4/5/20,0
China X 4/6/20,0
China X 4/7/20,0
China X 4/8/20,0
Colombia X 4/2/20,0
Colombia X 4/3/20,0
Colombia X 4/4/20,0
Colombia X 4/5/20,0
Colombia X 4/6/20,0
Colombia X 4/7/20,0
Colombia X 4/8/20,0
Comoros (the) X 4/2/20,0
Comoros (the) X 4/3/20,0
Comoros (the) X 4/4/20,0
Comoros (the) X 4/5/20,0
Comoros (the) X 4/6/20,0
Comoros (the) X 4/7/20,0
Comoros (the) X 4/8/20,0
Congo (the) X 4/2/20,0
Congo (the) X 4/3/20,0
Congo (the) X 4/4/20,0
Congo (the) X 4/5/20,0
Congo (the) X 4/6/20,0
Congo (the) X 4/7/20,0
Congo (the) X 4/8/20,0
Costa Rica X 4/2/20,0
Costa Rica X 4/3/20,0
Costa Rica X 4/4/20,0
Costa Rica X 4/5/20,0
Costa Rica X 4/6/20,0
Costa Rica X 4/7/20,0
Costa Rica X 4/8/20,0
Croatia X 4/2/20,0
Croatia X 4/3/20,0
Croatia X 4/4/20,0
Croatia X 4/5/20,0
Croatia X 4/6/20,0
Croatia X 4/7/20,0
Croatia X 4/8/20,0
Cuba X 4/2/20,0
Cuba X 4/3/20,0
Cuba X 4/4/20,0
Cuba X 4/5/20,0
Cuba X 4/6/20,0
Cuba X 4/7/20,0
Cuba X 4/8/20,0
Curacao X 4/2/20,0
Curacao X 4/3/20,0
Curacao X 4/4/20,0
Curacao X 4/5/20,0
Curacao X 4/6/20,0
Curacao X 4/7/20,0
Curacao X 4/8/20,0
Cyprus X 4/2/20,0
Cyprus X 4/3/20,0
Cyprus X 4/4/20,0
Cyprus X 4/5/20,0
Cyprus X 4/6/20,0
Cyprus X 4/7/20,0
Cyprus X 4/8/20,0
Czechia X 4/2/20,0
Czechia X 4/3/20,0
Czechia X 4/4/20,0
Czechia X 4/5/20,0
Czechia X 4/6/20,0
Czechia X 4/7/20,0
Czechia X 4/8/20,0
Côte d'Ivoire X 4/2/20,0
Côte d'Ivoire X 4/3/20,0
Côte d'Ivoire X 4/4/20,0
Côte d'Ivoire X 4/5/20,0
Côte d'Ivoire X 4/6/20,0
Côte d'Ivoire X 4/7/20,0
Côte d'Ivoire X 4/8/20,0
Democratic People's Republic of Korea (the) X 4/2/20,0
Democratic People's Republic of Korea (the) X 4/3/20,0
Democratic People's Republic of Korea (the) X 4/4/20,0
Democratic People's Republic of Korea (the) X 4/5/20,0
Democratic People's Republic of Korea (the) X 4/6/20,0
Democratic People's Republic of Korea (the) X 4/7/20,0
Democratic People's Republic of Korea (the) X 4/8/20,0
Democratic Republic of the Congo (the) X 4/2/20,0
Democratic Republic of the Congo (the) X 4/3/20,0
Democratic Republic of the Congo (the) X 4/4/20,0
Democratic Republic of the Congo (the) X 4/5/20,0
Democratic Republic of the Congo (the) X 4/6/20,0
Democratic Republic of the Congo (the) X 4/7/20,0
Democratic Republic of the Congo (the) X 4/8/20,0
Denmark X 4/2/20,0
Denmark X 4/3/20,0
Denmark X 4/4/20,0
Denmark X 4/5/20,0
Denmark X 4/6/20,0
Denmark X 4/7/20,0
Denmark X 4/8/20,0
Djibouti X 4/2/20,0
Djibouti X 4/3/20,0
Djibouti X 4/4/20,0
Djibouti X 4/5/20,0
Djibouti X 4/6/20,0
Djibouti X 4/7/20,0
Djibouti X 4/8/20,0
Dominica X 4/2/20,0
Dominica X 4/3/20,0
Dominica X 4/4/20,0
Dominica X 4/5/20,0
Dominica X 4/6/20,0
Dominica X 4/7/20,0
Dominica X 4/8/20,0
Dominican Republic (the) X 4/2/20,0
Dominican Republic (the) X 4/3/20,0
Dominican Republic (the) X 4/4/20,0
Dominican Republic (the) X 4/5/20,0
Dominican Republic (the) X 4/6/20,0
Dominican Republic (the) X 4/7/20,0
Dominican Republic (the) X 4/8/20,0
Ecuador X 4/2/20,0
Ecuador X 4/3/20,0
Ecuador X 4/4/20,0
Ecuador X 4/5/20,0
Ecuador X 4/6/20,0
Ecuador X 4/7/20,0
Ecuador X 4/8/20,0
Egypt X 4/2/20,0
Egypt X 4/3/20,0
Egypt X 4/4/20,0
Egypt X 4/5/20,0
Egypt X 4/6/20,0
Egypt X 4/7/20,0
Egypt X 4/8/20,0
El Salvador X 4/2/20,0
El Salvador X 4/3/20,0
El Salvador X 4/4/20,0
El Salvador X 4/5/20,0
El Salvador X 4/6/20,0
El Salvador X 4/7/20,0
El Salvador X 4/8/20,0
Equatorial Guinea X 4/2/20,0
Equatorial Guinea X 4/3/20,0
Equatorial Guinea X 4/4/20,0
Equatorial Guinea X 4/5/20,0
Equatorial Guinea X 4/6/20,0
Equatorial Guinea X 4/7/20,0
Equatorial Guinea X 4/8/20,0
Eritrea X 4/2/20,0
Eritrea X 4/3/20,0
Eritrea X 4/4/20,0
Eritrea X 4/5/20,0
Eritrea X 4/6/20,0
Eritrea X 4/7/20,0
Eritrea X 4/8/20,0
Estonia X 4/2/20,0
Estonia X 4/3/20,0
Estonia X 4/4/20,0
Estonia X 4/5/20,0
Estonia X 4/6/20,0
Estonia X 4/7/20,0
Estonia X 4/8/20,0
Eswatini X 4/2/20,0
Eswatini X 4/3/20,0
Eswatini X 4/4/20,0
Eswatini X 4/5/20,0
Eswatini X 4/6/20,0
Eswatini X 4/7/20,0
Eswatini X 4/8/20,0
Ethiopia X 4/2/20,0
Ethiopia X 4/3/20,0
Ethiopia X 4/4/20,0
Ethiopia X 4/5/20,0
Ethiopia X 4/6/20,0
Ethiopia X 4/7/20,0
Ethiopia X 4/8/20,0
Faroe Islands X 4/2/20,0
Faroe Islands X 4/3/20,0
Faroe Islands X 4/4/20,0
Faroe Islands X 4/5/20,0
Faroe Islands X 4/6/20,0
Faroe Islands X 4/7/20,0
Faroe Islands X 4/8/20,0
Fiji X 4/2/20,0
Fiji X 4/3/20,0
Fiji X 4/4/20,0
Fiji X 4/5/20,0
Fiji X 4/6/20,0
Fiji X 4/7/20,0
Fiji X 4/8/20,0
Finland X 4/2/20,0
Finland X 4/3/20,0
Finland X 4/4/20,0
Finland X 4/5/20,0
Finland X 4/6/20,0
Finland X 4/7/20,0
Finland X 4/8/20,0
France X 4/2/20,0
France X 4/3/20,0
France X 4/4/20,0
France X 4/5/20,0
France X 4/6/20,0
France X 4/7/20,0
France X 4/8/20,0
French Guiana X 4/2/20,0
French Guiana X 4/3/20,0
French Guiana X 4/4/20,0
French Guiana X 4/5/20,0
French Guiana X 4/6/20,0
French Guiana X 4/7/20,0
French Guiana X 4/8/20,0
French Polynesia X 4/2/20,0
French Polynesia X 4/3/20,0
French Polynesia X 4/4/20,0
French Polynesia X 4/5/20,0
French Polynesia X 4/6/20,0
French Polynesia X 4/7/20,0
French Polynesia X 4/8/20,0
Gabon X 4/2/20,0
Gabon X 4/3/20,0
Gabon X 4/4/20,0
Gabon X 4/5/20,0
Gabon X 4/6/20,0
Gabon X 4/7/20,0
Gabon X 4/8/20,0
Gambia (the) X 4/2/20,0
Gambia (the) X 4/3/20,0
Gambia (the) X 4/4/20,0
Gambia (the) X 4/5/20,0
Gambia (the) X 4/6/20,0
Gambia (the) X 4/7/20,0
Gambia (the) X 4/8/20,0
Georgia X 4/2/20,0
Georgia X 4/3/20,0
Georgia X 4/4/20,0
Georgia X 4/5/20,0
Georgia X 4/6/20,0
Georgia X 4/7/20,0
Georgia X 4/8/20,0
Germany X 4/2/20,0
Germany X 4/3/20,0
Germany X 4/4/20,0
Germany X 4/5/20,0
Germany X 4/6/20,0
Germany X 4/7/20,0
Germany X 4/8/20,0
Ghana X 4/2/20,0
Ghana X 4/3/20,0
Ghana X 4/4/20,0
Ghana X 4/5/20,0
Ghana X 4/6/20,0
Ghana X 4/7/20,0
Ghana X 4/8/20,0
Greece X 4/2/20,0
Greece X 4/3/20,0
Greece X 4/4/20,0
Greece X 4/5/20,0
Greece X 4/6/20,0
Greece X 4/7/20,0
Greece X 4/8/20,0
Greenland X 4/2/20,0
Greenland X 4/3/20,0
Greenland X 4/4/20,0
Greenland X 4/5/20,0
Greenland X 4/6/20,0
Greenland X 4/7/20,0
Greenland X 4/8/20,0
Grenada X 4/2/20,0
Grenada X 4/3/20,0
Grenada X 4/4/20,0
Grenada X 4/5/20,0
Grenada X 4/6/20,0
Grenada X 4/7/20,0
Grenada X 4/8/20,0
Guadeloupe X 4/2/20,0
Guadeloupe X 4/3/20,0
Guadeloupe X 4/4/20,0
Guadeloupe X 4/5/20,0
Guadeloupe X 4/6/20,0
Guadeloupe X 4/7/20,0
Guadeloupe X 4/8/20,0
Guatemala X 4/2/20,0
Guatemala X 4/3/20,0
Guatemala X 4/4/20,0
Guatemala X 4/5/20,0
Guatemala X 4/6/20,0
Guatemala X 4/7/20,0
Guatemala X 4/8/20,0
Guinea X 4/2/20,0
Guinea X 4/3/20,0
Guinea X 4/4/20,0
Guinea X 4/5/20,0
Guinea X 4/6/20,0
Guinea X 4/7/20,0
Guinea X 4/8/20,0
Guinea-Bissau X 4/2/20,0
Guinea-Bissau X 4/3/20,0
Guinea-Bissau X 4/4/20,0
Guinea-Bissau X 4/5/20,0
Guinea-Bissau X 4/6/20,0
Guinea-Bissau X 4/7/20,0
Guinea-Bissau X 4/8/20,0
Guyana X 4/2/20,0
Guyana X 4/3/20,0
Guyana X 4/4/20,0
Guyana X 4/5/20,0
Guyana X 4/6/20,0
Guyana X 4/7/20,0
Guyana X 4/8/20,0
Haiti X 4/2/20,0
Haiti X 4/3/20,0
Haiti X 4/4/20,0
Haiti X 4/5/20,0
Haiti X 4/6/20,0
Haiti X 4/7/20,0
Haiti X 4/8/20,0
Honduras X 4/2/20,0
Honduras X 4/3/20,0
Honduras X 4/4/20,0
Honduras X 4/5/20,0
Honduras X 4/6/20,0
Honduras X 4/7/20,0
Honduras X 4/8/20,0
Hungary X 4/2/20,0
Hungary X 4/3/20,0
Hungary X 4/4/20,0
Hungary X 4/5/20,0
Hungary X 4/6/20,0
Hungary X 4/7/20,0
Hungary X 4/8/20,0
Iceland X 4/2/20,0
Iceland X 4/3/20,0
Iceland X 4/4/20,0
Iceland X 4/5/20,0
Iceland X 4/6/20,0
Iceland X 4/7/20,0
Iceland X 4/8/20,0
India X 4/2/20,0
India X 4/3/20,0
India X 4/4/20,0
India X 4/5/20,0
India X 4/6/20,0
India X 4/7/20,0
India X 4/8/20,0
Indonesia X 4/2/20,0
Indonesia X 4/3/20,0
Indonesia X 4/4/20,0
Indonesia X 4/5/20,0
Indonesia X 4/6/20,0
Indonesia X 4/7/20,0
Indonesia X 4/8/20,0
Iran (Islamic Republic of) X 4/2/20,0
Iran (Islamic Republic of) X 4/3/20,0
Iran (Islamic Republic of) X 4/4/20,0
Iran (Islamic Republic of) X 4/5/20,0
Iran (Islamic Republic of) X 4/6/20,0
Iran (Islamic Republic of) X 4/7/20,0
Iran (Islamic Republic of) X 4/8/20,0
Iraq X 4/2/20,0
Iraq X 4/3/20,0
Iraq X 4/4/20,0
Iraq X 4/5/20,0
Iraq X 4/6/20,0
Iraq X 4/7/20,0
Iraq X 4/8/20,0
Ireland X 4/2/20,0
Ireland X 4/3/20,0
Ireland X 4/4/20,0
Ireland X 4/5/20,0
Ireland X 4/6/20,0
Ireland X 4/7/20,0
Ireland X 4/8/20,0
Israel X 4/2/20,0
Israel X 4/3/20,0
Israel X 4/4/20,0
Israel X 4/5/20,0
Israel X 4/6/20,0
Israel X 4/7/20,0
Israel X 4/8/20,0
Italy X 4/2/20,0
Italy X 4/3/20,0
Italy X 4/4/20,0
Italy X 4/5/20,0
Italy X 4/6/20,0
Italy X 4/7/20,0
Italy X 4/8/20,0
Jamaica X 4/2/20,0
Jamaica X 4/3/20,0
Jamaica X 4/4/20,0
Jamaica X 4/5/20,0
Jamaica X 4/6/20,0
Jamaica X 4/7/20,0
Jamaica X 4/8/20,0
Japan X 4/2/20,0
Japan X 4/3/20,0
Japan X 4/4/20,0
Japan X 4/5/20,0
Japan X 4/6/20,0
Japan X 4/7/20,0
Japan X 4/8/20,0
Jordan X 4/2/20,0
Jordan X 4/3/20,0
Jordan X 4/4/20,0
Jordan X 4/5/20,0
Jordan X 4/6/20,0
Jordan X 4/7/20,0
Jordan X 4/8/20,0
Kazakhstan X 4/2/20,0
Kazakhstan X 4/3/20,0
Kazakhstan X 4/4/20,0
Kazakhstan X 4/5/20,0
Kazakhstan X 4/6/20,0
Kazakhstan X 4/7/20,0
Kazakhstan X 4/8/20,0
Kenya X 4/2/20,0
Kenya X 4/3/20,0
Kenya X 4/4/20,0
Kenya X 4/5/20,0
Kenya X 4/6/20,0
Kenya X 4/7/20,0
Kenya X 4/8/20,0
Kiribati X 4/2/20,0
Kiribati X 4/3/20,0
Kiribati X 4/4/20,0
Kiribati X 4/5/20,0
Kiribati X 4/6/20,0
Kiribati X 4/7/20,0
Kiribati X 4/8/20,0
Kuwait X 4/2/20,0
Kuwait X 4/3/20,0
Kuwait X 4/4/20,0
Kuwait X 4/5/20,0
Kuwait X 4/6/20,0
Kuwait X 4/7/20,0
Kuwait X 4/8/20,0
Kyrgyzstan X 4/2/20,0
Kyrgyzstan X 4/3/20,0
Kyrgyzstan X 4/4/20,0
Kyrgyzstan X 4/5/20,0
Kyrgyzstan X 4/6/20,0
Kyrgyzstan X 4/7/20,0
Kyrgyzstan X 4/8/20,0
Lao People's Democratic Republic (the) X 4/2/20,0
Lao People's Democratic Republic (the) X 4/3/20,0
Lao People's Democratic Republic (the) X 4/4/20,0
Lao People's Democratic Republic (the) X 4/5/20,0
Lao People's Democratic Republic (the) X 4/6/20,0
Lao People's Democratic Republic (the) X 4/7/20,0
Lao People's Democratic Republic (the) X 4/8/20,0
Latvia X 4/2/20,0
Latvia X 4/3/20,0
Latvia X 4/4/20,0
Latvia X 4/5/20,0
Latvia X 4/6/20,0
Latvia X 4/7/20,0
Latvia X 4/8/20,0
Lebanon X 4/2/20,0
Lebanon X 4/3/20,0
Lebanon X 4/4/20,0
Lebanon X 4/5/20,0
Lebanon X 4/6/20,0
Lebanon X 4/7/20,0
Lebanon X 4/8/20,0
Lesotho X 4/2/20,0
Lesotho X 4/3/20,0
Lesotho X 4/4/20,0
Lesotho X 4/5/20,0
Lesotho X 4/6/20,0
Lesotho X 4/7/20,0
Lesotho X 4/8/20,0
Liberia X 4/2/20,0
Liberia X 4/3/20,0
Liberia X 4/4/20,0
Liberia X 4/5/20,0
Liberia X 4/6/20,0
Liberia X 4/7/20,0
Liberia X 4/8/20,0
Libya X 4/2/20,0
Libya X 4/3/20,0
Libya X 4/4/20,0
Libya X 4/5/20,0
Libya X 4/6/20,0
Libya X 4/7/20,0
Libya X 4/8/20,0
Liechtenstein X 4/2/20,0
Liechtenstein X 4/3/20,0
Liechtenstein X 4/4/20,0
Liechtenstein X 4/5/20,0
Liechtenstein X 4/6/20,0
Liechtenstein X 4/7/20,0
Liechtenstein X 4/8/20,0
Lithuania X 4/2/20,0
Lithuania X 4/3/20,0
Lithuania X 4/4/20,0
Lithuania X 4/5/20,0
Lithuania X 4/6/20,0
Lithuania X 4/7/20,0
Lithuania X 4/8/20,0
Luxembourg X 4/2/20,0
Luxembourg X 4/3/20,0
Luxembourg X 4/4/20,0
Luxembourg X 4/5/20,0
Luxembourg X 4/6/20,0
Luxembourg X 4/7/20,0
Luxembourg X 4/8/20,0
Madagascar X 4/2/20,0
Madagascar X 4/3/20,0
Madagascar X 4/4/20,0
Madagascar X 4/5/20,0
Madagascar X 4/6/20,0
Madagascar X 4/7/20,0
Madagascar X 4/8/20,0
Malawi X 4/2/20,0
Malawi X 4/3/20,0
Malawi X 4/4/20,0
Malawi X 4/5/20,0
Malawi X 4/6/20,0
Malawi X 4/7/20,0
Malawi X 4/8/20,0
Malaysia X 4/2/20,0
Malaysia X 4/3/20,0
Malaysia X 4/4/20,0
Malaysia X 4/5/20,0
Malaysia X 4/6/20,0
Malaysia X 4/7/20,0
Malaysia X 4/8/20,0
Maldives X 4/2/20,0
Maldives X 4/3/20,0
Maldives X 4/4/20,0
Maldives X 4/5/20,0
Maldives X 4/6/20,0
Maldives X 4/7/20,0
Maldives X 4/8/20,0
Mali X 4/2/20,0
Mali X 4/3/20,0
Mali X 4/4/20,0
Mali X 4/5/20,0
Mali X 4/6/20,0
Mali X 4/7/20,0
Mali X 4/8/20,0
Malta X 4/2/20,0
Malta X 4/3/20,0
Malta X 4/4/20,0
Malta X 4/5/20,0
Malta X 4/6/20,0
Malta X 4/7/20,0
Malta X 4/8/20,0
Marshall Islands (the) X 4/2/20,0
Marshall Islands (the) X 4/3/20,0
Marshall Islands (the) X 4/4/20,0
Marshall Islands (the) X 4/5/20,0
Marshall Islands (the) X 4/6/20,0
Marshall Islands (the) X 4/7/20,0
Marshall Islands (the) X 4/8/20,0
Mauritania X 4/2/20,0
Mauritania X 4/3/20,0
Mauritania X 4/4/20,0
Mauritania X 4/5/20,0
Mauritania X 4/6/20,0
Mauritania X 4/7/20,0
Mauritania X 4/8/20,0
Mauritius X 4/2/20,0
Mauritius X 4/3/20,0
Mauritius X 4/4/20,0
Mauritius X 4/5/20,0
Mauritius X 4/6/20,0
Mauritius X 4/7/20,0
Mauritius X 4/8/20,0
Mayotte X 4/2/20,0
Mayotte X 4/3/20,0
Mayotte X 4/4/20,0
Mayotte X 4/5/20,0
Mayotte X 4/6/20,0
Mayotte X 4/7/20,0
Mayotte X 4/8/20,0
Mexico X 4/2/20,0
Mexico X 4/3/20,0
Mexico X 4/4/20,0
Mexico X 4/5/20,0
Mexico X 4/6/20,0
Mexico X 4/7/20,0
Mexico X 4/8/20,0
Micronesia (Federated States of) X 4/2/20,0
Micronesia (Federated States of) X 4/3/20,0
Micronesia (Federated States of) X 4/4/20,0
Micronesia (Federated States of) X 4/5/20,0
Micronesia (Federated States of) X 4/6/20,0
Micronesia (Federated States of) X 4/7/20,0
Micronesia (Federated States of) X 4/8/20,0
Monaco X 4/2/20,0
Monaco X 4/3/20,0
Monaco X 4/4/20,0
Monaco X 4/5/20,0
Monaco X 4/6/20,0
Monaco X 4/7/20,0
Monaco X 4/8/20,0
Mongolia X 4/2/20,0
Mongolia X 4/3/20,0
Mongolia X 4/4/20,0
Mongolia X 4/5/20,0
Mongolia X 4/6/20,0
Mongolia X 4/7/20,0
Mongolia X 4/8/20,0
Montenegro X 4/2/20,0
Montenegro X 4/3/20,0
Montenegro X 4/4/20,0
Montenegro X 4/5/20,0
Montenegro X 4/6/20,0
Montenegro X 4/7/20,0
Montenegro X 4/8/20,0
Montserrat X 4/2/20,0
Montserrat X 4/3/20,0
Montserrat X 4/4/20,0
Montserrat X 4/5/20,0
Montserrat X 4/6/20,0
Montserrat X 4/7/20,0
Montserrat X 4/8/20,0
Morocco X 4/2/20,0
Morocco X 4/3/20,0
Morocco X 4/4/20,0
Morocco X 4/5/20,0
Morocco X 4/6/20,0
Morocco X 4/7/20,0
Morocco X 4/8/20,0
Mozambique X 4/2/20,0
Mozambique X 4/3/20,0
Mozambique X 4/4/20,0
Mozambique X 4/5/20,0
Mozambique X 4/6/20,0
Mozambique X 4/7/20,0
Mozambique X 4/8/20,0
Myanmar X 4/2/20,0
Myanmar X 4/3/20,0
Myanmar X 4/4/20,0
Myanmar X 4/5/20,0
Myanmar X 4/6/20,0
Myanmar X 4/7/20,0
Myanmar X 4/8/20,0
Namibia X 4/2/20,0
Namibia X 4/3/20,0
Namibia X 4/4/20,0
Namibia X 4/5/20,0
Namibia X 4/6/20,0
Namibia X 4/7/20,0
Namibia X 4/8/20,0
Nauru X 4/2/20,0
Nauru X 4/3/20,0
Nauru X 4/4/20,0
Nauru X 4/5/20,0
Nauru X 4/6/20,0
Nauru X 4/7/20,0
Nauru X 4/8/20,0
Nepal X 4/2/20,0
Nepal X 4/3/20,0
Nepal X 4/4/20,0
Nepal X 4/5/20,0
Nepal X 4/6/20,0
Nepal X 4/7/20,0
Nepal X 4/8/20,0
Netherlands (the) X 4/2/20,0
Netherlands (the) X 4/3/20,0
Netherlands (the) X 4/4/20,0
Netherlands (the) X 4/5/20,0
Netherlands (the) X 4/6/20,0
Netherlands (the) X 4/7/20,0
Netherlands (the) X 4/8/20,0
New Caledonia X 4/2/20,0
New Caledonia X 4/3/20,0
New Caledonia X 4/4/20,0
New Caledonia X 4/5/20,0
New Caledonia X 4/6/20,0
New Caledonia X 4/7/20,0
New Caledonia X 4/8/20,0
New Zealand X 4/2/20,0
New Zealand X 4/3/20,0
New Zealand X 4/4/20,0
New Zealand X 4/5/20,0
New Zealand X 4/6/20,0
New Zealand X 4/7/20,0
New Zealand X 4/8/20,0
Nicaragua X 4/2/20,0
Nicaragua X 4/3/20,0
Nicaragua X 4/4/20,0
Nicaragua X 4/5/20,0
Nicaragua X 4/6/20,0
Nicaragua X 4/7/20,0
Nicaragua X 4/8/20,0
Niger (the) X 4/2/20,0
Niger (the) X 4/3/20,0
Niger (the) X 4/4/20,0
Niger (the) X 4/5/20,0
Niger (the) X 4/6/20,0
Niger (the) X 4/7/20,0
Niger (the) X 4/8/20,0
Nigeria X 4/2/20,0
Nigeria X 4/3/20,0
Nigeria X 4/4/20,0
Nigeria X 4/5/20,0
Nigeria X 4/6/20,0
Nigeria X 4/7/20,0
Nigeria X 4/8/20,0
North Macedonia X 4/2/20,0
North Macedonia X 4/3/20,0
North Macedonia X 4/4/20,0
North Macedonia X 4/5/20,0
North Macedonia X 4/6/20,0
North Macedonia X 4/7/20,0
North Macedonia X 4/8/20,0
Norway X 4/2/20,0
Norway X 4/3/20,0
Norway X 4/4/20,0
Norway X 4/5/20,0
Norway X 4/6/20,0
Norway X 4/7/20,0
Norway X 4/8/20,0
Oman X 4/2/20,0
Oman X 4/3/20,0
Oman X 4/4/20,0
Oman X 4/5/20,0
Oman X 4/6/20,0
Oman X 4/7/20,0
Oman X 4/8/20,0
Pakistan X 4/2/20,0
Pakistan X 4/3/20,0
Pakistan X 4/4/20,0
Pakistan X 4/5/20,0
Pakistan X 4/6/20,0
Pakistan X 4/7/20,0
Pakistan X 4/8/20,0
Palau X 4/2/20,0
Palau X 4/3/20,0
Palau X 4/4/20,0
Palau X 4/5/20,0
Palau X 4/6/20,0
Palau X 4/7/20,0
Palau X 4/8/20,0
Panama X 4/2/20,0
Panama X 4/3/20,0
Panama X 4/4/20,0
Panama X 4/5/20,0
Panama X 4/6/20,0
Panama X 4/7/20,0
Panama X 4/8/20,0
Papua New Guinea X 4/2/20,0
Papua New Guinea X 4/3/20,0
Papua New Guinea X 4/4/20,0
Papua New Guinea X 4/5/20,0
Papua New Guinea X 4/6/20,0
Papua New Guinea X 4/7/20,0
Papua New Guinea X 4/8/20,0
Paraguay X 4/2/20,0
Paraguay X 4/3/20,0
Paraguay X 4/4/20,0
Paraguay X 4/5/20,0
Paraguay X 4/6/20,0
Paraguay X 4/7/20,0
Paraguay X 4/8/20,0
Peru X 4/2/20,0
Peru X 4/3/20,0
Peru X 4/4/20,0
Peru X 4/5/20,0
Peru X 4/6/20,0
Peru X 4/7/20,0
Peru X 4/8/20,0
Philippines (the) X 4/2/20,0
Philippines (the) X 4/3/20,0
Philippines (the) X 4/4/20,0
Philippines (the) X 4/5/20,0
Philippines (the) X 4/6/20,0
Philippines (the) X 4/7/20,0
Philippines (the) X 4/8/20,0
Poland X 4/2/20,0
Poland X 4/3/20,0
Poland X 4/4/20,0
Poland X 4/5/20,0
Poland X 4/6/20,0
Poland X 4/7/20,0
Poland X 4/8/20,0
Portugal X 4/2/20,0
Portugal X 4/3/20,0
Portugal X 4/4/20,0
Portugal X 4/5/20,0
Portugal X 4/6/20,0
Portugal X 4/7/20,0
Portugal X 4/8/20,0
Qatar X 4/2/20,0
Qatar X 4/3/20,0
Qatar X 4/4/20,0
Qatar X 4/5/20,0
Qatar X 4/6/20,0
Qatar X 4/7/20,0
Qatar X 4/8/20,0
Republic of Korea (the) X 4/2/20,0
Republic of Korea (the) X 4/3/20,0
Republic of Korea (the) X 4/4/20,0
Republic of Korea (the) X 4/5/20,0
Republic of Korea (the) X 4/6/20,0
Republic of Korea (the) X 4/7/20,0
Republic of Korea (the) X 4/8/20,0
Republic of Moldova (the) X 4/2/20,0
Republic of Moldova (the) X 4/3/20,0
Republic of Moldova (the) X 4/4/20,0
Republic of Moldova (the) X 4/5/20,0
Republic of Moldova (the) X 4/6/20,0
Republic of Moldova (the) X 4/7/20,0
Republic of Moldova (the) X 4/8/20,0
Reunion X 4/2/20,0
Reunion X 4/3/20,0
Reunion X 4/4/20,0
Reunion X 4/5/20,0
Reunion X 4/6/20,0
Reunion X 4/7/20,0
Reunion X 4/8/20,0
Romania X 4/2/20,0
Romania X 4/3/20,0
Romania X 4/4/20,0
Romania X 4/5/20,0
Romania X 4/6/20,0
Romania X 4/7/20,0
Romania X 4/8/20,0
Russian Federation (the) X 4/2/20,0
Russian Federation (the) X 4/3/20,0
Russian Federation (the) X 4/4/20,0
Russian Federation (the) X 4/5/20,0
Russian Federation (the) X 4/6/20,0
Russian Federation (the) X 4/7/20,0
Russian Federation (the) X 4/8/20,0
Rwanda X 4/2/20,0
Rwanda X 4/3/20,0
Rwanda X 4/4/20,0
Rwanda X 4/5/20,0
Rwanda X 4/6/20,0
Rwanda X 4/7/20,0
Rwanda X 4/8/20,0
Saint Barthelemy X 4/2/20,0
Saint Barthelemy X 4/3/20,0
Saint Barthelemy X 4/4/20,0
Saint Barthelemy X 4/5/20,0
Saint Barthelemy X 4/6/20,0
Saint Barthelemy X 4/7/20,0
Saint Barthelemy X 4/8/20,0
Saint Kitts and Nevis X 4/2/20,0
Saint Kitts and Nevis X 4/3/20,0
Saint Kitts and Nevis X 4/4/20,0
Saint Kitts and Nevis X 4/5/20,0
Saint Kitts and Nevis X 4/6/20,0
Saint Kitts and Nevis X 4/7/20,0
Saint Kitts and Nevis X 4/8/20,0
Saint Lucia X 4/2/20,0
Saint Lucia X 4/3/20,0
Saint Lucia X 4/4/20,0
Saint Lucia X 4/5/20,0
Saint Lucia X 4/6/20,0
Saint Lucia X 4/7/20,0
Saint Lucia X 4/8/20,0
Saint Vincent and the Grenadines X 4/2/20,0
Saint Vincent and the Grenadines X 4/3/20,0
Saint Vincent and the Grenadines X 4/4/20,0
Saint Vincent and the Grenadines X 4/5/20,0
Saint Vincent and the Grenadines X 4/6/20,0
Saint Vincent and the Grenadines X 4/7/20,0
Saint Vincent and the Grenadines X 4/8/20,0
Samoa X 4/2/20,0
Samoa X 4/3/20,0
Samoa X 4/4/20,0
Samoa X 4/5/20,0
Samoa X 4/6/20,0
Samoa X 4/7/20,0
Samoa X 4/8/20,0
San Marino X 4/2/20,0
San Marino X 4/3/20,0
San Marino X 4/4/20,0
San Marino X 4/5/20,0
San Marino X 4/6/20,0
San Marino X 4/7/20,0
San Marino X 4/8/20,0
Sao Tome and Principe X 4/2/20,0
Sao Tome and Principe X 4/3/20,0
Sao Tome and Principe X 4/4/20,0
Sao Tome and Principe X 4/5/20,0
Sao Tome and Principe X 4/6/20,0
Sao Tome and Principe X 4/7/20,0
Sao Tome and Principe X 4/8/20,0
Saudi Arabia X 4/2/20,0
Saudi Arabia X 4/3/20,0
Saudi Arabia X 4/4/20,0
Saudi Arabia X 4/5/20,0
Saudi Arabia X 4/6/20,0
Saudi Arabia X 4/7/20,0
Saudi Arabia X 4/8/20,0
Senegal X 4/2/20,0
Senegal X 4/3/20,0
Senegal X 4/4/20,0
Senegal X 4/5/20,0
Senegal X 4/6/20,0
Senegal X 4/7/20,0
Senegal X 4/8/20,0
Serbia X 4/2/20,0
Serbia X 4/3/20,0
Serbia X 4/4/20,0
Serbia X 4/5/20,0
Serbia X 4/6/20,0
Serbia X 4/7/20,0
Serbia X 4/8/20,0
Seychelles X 4/2/20,0
Seychelles X 4/3/20,0
Seychelles X 4/4/20,0
Seychelles X 4/5/20,0
Seychelles X 4/6/20,0
Seychelles X 4/7/20,0
Seychelles X 4/8/20,0
Sierra Leone X 4/2/20,0
Sierra Leone X 4/3/20,0
Sierra Leone X 4/4/20,0
Sierra Leone X 4/5/20,0
Sierra Leone X 4/6/20,0
Sierra Leone X 4/7/20,0
Sierra Leone X 4/8/20,0
Singapore X 4/2/20,0
Singapore X 4/3/20,0
Singapore X 4/4/20,0
Singapore X 4/5/20,0
Singapore X 4/6/20,0
Singapore X 4/7/20,0
Singapore X 4/8/20,0
Slovakia X 4/2/20,0
Slovakia X 4/3/20,0
Slovakia X 4/4/20,0
Slovakia X 4/5/20,0
Slovakia X 4/6/20,0
Slovakia X 4/7/20,0
Slovakia X 4/8/20,0
Slovenia X 4/2/20,0
Slovenia X 4/3/20,0
Slovenia X 4/4/20,0
Slovenia X 4/5/20,0
Slovenia X 4/6/20,0
Slovenia X 4/7/20,0
Slovenia X 4/8/20,0
Solomon Islands X 4/2/20,0
Solomon Islands X 4/3/20,0
Solomon Islands X 4/4/20,0
Solomon Islands X 4/5/20,0
Solomon Islands X 4/6/20,0
Solomon Islands X 4/7/20,0
Solomon Islands X 4/8/20,0
Somalia X 4/2/20,0
Somalia X 4/3/20,0
Somalia X 4/4/20,0
Somalia X 4/5/20,0
Somalia X 4/6/20,0
Somalia X 4/7/20,0
Somalia X 4/8/20,0
South Africa X 4/2/20,0
South Africa X 4/3/20,0
South Africa X 4/4/20,0
South Africa X 4/5/20,0
South Africa X 4/6/20,0
South Africa X 4/7/20,0
South Africa X 4/8/20,0
South Sudan X 4/2/20,0
South Sudan X 4/3/20,0
South Sudan X 4/4/20,0
South Sudan X 4/5/20,0
South Sudan X 4/6/20,0
South Sudan X 4/7/20,0
South Sudan X 4/8/20,0
Spain X 4/2/20,0
Spain X 4/3/20,0
Spain X 4/4/20,0
Spain X 4/5/20,0
Spain X 4/6/20,0
Spain X 4/7/20,0
Spain X 4/8/20,0
Sri Lanka X 4/2/20,0
Sri Lanka X 4/3/20,0
Sri Lanka X 4/4/20,0
Sri Lanka X 4/5/20,0
Sri Lanka X 4/6/20,0
Sri Lanka X 4/7/20,0
Sri Lanka X 4/8/20,0
St Martin X 4/2/20,0
St Martin X 4/3/20,0
St Martin X 4/4/20,0
St Martin X 4/5/20,0
St Martin X 4/6/20,0
St Martin X 4/7/20,0
St Martin X 4/8/20,0
Sudan (the) X 4/2/20,0
Sudan (the) X 4/3/20,0
Sudan (the) X 4/4/20,0
Sudan (the) X 4/5/20,0
Sudan (the) X 4/6/20,0
Sudan (the) X 4/7/20,0
Sudan (the) X 4/8/20,0
Suriname X 4/2/20,0
Suriname X 4/3/20,0
Suriname X 4/4/20,0
Suriname X 4/5/20,0
Suriname X 4/6/20,0
Suriname X 4/7/20,0
Suriname X 4/8/20,0
Sweden X 4/2/20,0
Sweden X 4/3/20,0
Sweden X 4/4/20,0
Sweden X 4/5/20,0
Sweden X 4/6/20,0
Sweden X 4/7/20,0
Sweden X 4/8/20,0
Switzerland X 4/2/20,0
Switzerland X 4/3/20,0
Switzerland X 4/4/20,0
Switzerland X 4/5/20,0
Switzerland X 4/6/20,0
Switzerland X 4/7/20,0
Switzerland X 4/8/20,0
Syrian Arab Republic (the) X 4/2/20,0
Syrian Arab Republic (the) X 4/3/20,0
Syrian Arab Republic (the) X 4/4/20,0
Syrian Arab Republic (the) X 4/5/20,0
Syrian Arab Republic (the) X 4/6/20,0
Syrian Arab Republic (the) X 4/7/20,0
Syrian Arab Republic (the) X 4/8/20,0
Taiwan X 4/2/20,0
Taiwan X 4/3/20,0
Taiwan X 4/4/20,0
Taiwan X 4/5/20,0
Taiwan X 4/6/20,0
Taiwan X 4/7/20,0
Taiwan X 4/8/20,0
Tajikistan X 4/2/20,0
Tajikistan X 4/3/20,0
Tajikistan X 4/4/20,0
Tajikistan X 4/5/20,0
Tajikistan X 4/6/20,0
Tajikistan X 4/7/20,0
Tajikistan X 4/8/20,0
Thailand X 4/2/20,0
Thailand X 4/3/20,0
Thailand X 4/4/20,0
Thailand X 4/5/20,0
Thailand X 4/6/20,0
Thailand X 4/7/20,0
Thailand X 4/8/20,0
Timor-Leste X 4/2/20,0
Timor-Leste X 4/3/20,0
Timor-Leste X 4/4/20,0
Timor-Leste X 4/5/20,0
Timor-Leste X 4/6/20,0
Timor-Leste X 4/7/20,0
Timor-Leste X 4/8/20,0
Togo X 4/2/20,0
Togo X 4/3/20,0
Togo X 4/4/20,0
Togo X 4/5/20,0
Togo X 4/6/20,0
Togo X 4/7/20,0
Togo X 4/8/20,0
Tonga X 4/2/20,0
Tonga X 4/3/20,0
Tonga X 4/4/20,0
Tonga X 4/5/20,0
Tonga X 4/6/20,0
Tonga X 4/7/20,0
Tonga X 4/8/20,0
Trinidad and Tobago X 4/2/20,0
Trinidad and Tobago X 4/3/20,0
Trinidad and Tobago X 4/4/20,0
Trinidad and Tobago X 4/5/20,0
Trinidad and Tobago X 4/6/20,0
Trinidad and Tobago X 4/7/20,0
Trinidad and Tobago X 4/8/20,0
Tunisia X 4/2/20,0
Tunisia X 4/3/20,0
Tunisia X 4/4/20,0
Tunisia X 4/5/20,0
Tunisia X 4/6/20,0
Tunisia X 4/7/20,0
Tunisia X 4/8/20,0
Turkey X 4/2/20,0
Turkey X 4/3/20,0
Turkey X 4/4/20,0
Turkey X 4/5/20,0
Turkey X 4/6/20,0
Turkey X 4/7/20,0
Turkey X 4/8/20,0
Turkmenistan X 4/2/20,0
Turkmenistan X 4/3/20,0
Turkmenistan X 4/4/20,0
Turkmenistan X 4/5/20,0
Turkmenistan X 4/6/20,0
Turkmenistan X 4/7/20,0
Turkmenistan X 4/8/20,0
Tuvalu X 4/2/20,0
Tuvalu X 4/3/20,0
Tuvalu X 4/4/20,0
Tuvalu X 4/5/20,0
Tuvalu X 4/6/20,0
Tuvalu X 4/7/20,0
Tuvalu X 4/8/20,0
Uganda X 4/2/20,0
Uganda X 4/3/20,0
Uganda X 4/4/20,0
Uganda X 4/5/20,0
Uganda X 4/6/20,0
Uganda X 4/7/20,0
Uganda X 4/8/20,0
Ukraine X 4/2/20,0
Ukraine X 4/3/20,0
Ukraine X 4/4/20,0
Ukraine X 4/5/20,0
Ukraine X 4/6/20,0
Ukraine X 4/7/20,0
Ukraine X 4/8/20,0
United Arab Emirates (the) X 4/2/20,0
United Arab Emirates (the) X 4/3/20,0
United Arab Emirates (the) X 4/4/20,0
United Arab Emirates (the) X 4/5/20,0
United Arab Emirates (the) X 4/6/20,0
United Arab Emirates (the) X 4/7/20,0
United Arab Emirates (the) X 4/8/20,0
United Kingdom of Great Britain and Northern Ireland (the) X 4/2/20,0
United Kingdom of Great Britain and Northern Ireland (the) X 4/3/20,0
United Kingdom of Great Britain and Northern Ireland (the) X 4/4/20,0
United Kingdom of Great Britain and Northern Ireland (the) X 4/5/20,0
United Kingdom of Great Britain and Northern Ireland (the) X 4/6/20,0
United Kingdom of Great Britain and Northern Ireland (the) X 4/7/20,0
United Kingdom of Great Britain and Northern Ireland (the) X 4/8/20,0
United Republic of Tanzania (the) X 4/2/20,0
United Republic of Tanzania (the) X 4/3/20,0
United Republic of Tanzania (the) X 4/4/20,0
United Republic of Tanzania (the) X 4/5/20,0
United Republic of Tanzania (the) X 4/6/20,0
United Republic of Tanzania (the) X 4/7/20,0
United Republic of Tanzania (the) X 4/8/20,0
United States of America (the) X 4/2/20,0
United States of America (the) X 4/3/20,0
United States of America (the) X 4/4/20,0
United States of America (the) X 4/5/20,0
United States of America (the) X 4/6/20,0
United States of America (the) X 4/7/20,0
United States of America (the) X 4/8/20,0
Uruguay X 4/2/20,0
Uruguay X 4/3/20,0
Uruguay X 4/4/20,0
Uruguay X 4/5/20,0
Uruguay X 4/6/20,0
Uruguay X 4/7/20,0
Uruguay X 4/8/20,0
Uzbekistan X 4/2/20,0
Uzbekistan X 4/3/20,0
Uzbekistan X 4/4/20,0
Uzbekistan X 4/5/20,0
Uzbekistan X 4/6/20,0
Uzbekistan X 4/7/20,0
Uzbekistan X 4/8/20,0
Vanuatu X 4/2/20,0
Vanuatu X 4/3/20,0
Vanuatu X 4/4/20,0
Vanuatu X 4/5/20,0
Vanuatu X 4/6/20,0
Vanuatu X 4/7/20,0
Vanuatu X 4/8/20,0
Venezuela (Bolivarian Republic of) X 4/2/20,0
Venezuela (Bolivarian Republic of) X 4/3/20,0
Venezuela (Bolivarian Republic of) X 4/4/20,0
Venezuela (Bolivarian Republic of) X 4/5/20,0
Venezuela (Bolivarian Republic of) X 4/6/20,0
Venezuela (Bolivarian Republic of) X 4/7/20,0
Venezuela (Bolivarian Republic of) X 4/8/20,0
Viet Nam X 4/2/20,0
Viet Nam X 4/3/20,0
Viet Nam X 4/4/20,0
Viet Nam X 4/5/20,0
Viet Nam X 4/6/20,0
Viet Nam X 4/7/20,0
Viet Nam X 4/8/20,0
Yemen X 4/2/20,0
Yemen X 4/3/20,0
Yemen X 4/4/20,0
Yemen X 4/5/20,0
Yemen X 4/6/20,0
Yemen X 4/7/20,0
Yemen X 4/8/20,0
Zambia X 4/2/20,0
Zambia X 4/3/20,0
Zambia X 4/4/20,0
Zambia X 4/5/20,0
Zambia X 4/6/20,0
Zambia X 4/7/20,0
Zambia X 4/8/20,0
Zimbabwe X 4/2/20,0
Zimbabwe X 4/3/20,0
Zimbabwe X 4/4/20,0
Zimbabwe X 4/5/20,0
Zimbabwe X 4/6/20,0
Zimbabwe X 4/7/20,0
Zimbabwe X 4/8/20,0
